Target,Fold,Model,Feature,MeanAbsSHAP
reads,0,XGBoost,Sediment_PC1,19314.666015625
reads,0,XGBoost,Sediment_PC2,1287.9219970703125
reads,0,XGBoost,Major_PC1,17742.599609375
reads,0,XGBoost,Major_PC2,7058.83984375
reads,0,XGBoost,Trace_PC1,9878.1416015625
reads,0,XGBoost,Trace_PC2,11421.712890625
reads,0,XGBoost,Organic_PC1,6094.4384765625
reads,0,XGBoost,Organic_PC2,8177.59619140625
reads,0,RF,Sediment_PC1,7755.44378110811
reads,0,RF,Sediment_PC2,382.2441151026014
reads,0,RF,Major_PC1,23452.68534691494
reads,0,RF,Major_PC2,2840.569859308707
reads,0,RF,Trace_PC1,9959.53986206458
reads,0,RF,Trace_PC2,8647.422734315322
reads,0,RF,Organic_PC1,1731.801509101571
reads,0,RF,Organic_PC2,3396.247559203463
reads,0,LightGBM,Sediment_PC1,0.0
reads,0,LightGBM,Sediment_PC2,0.0
reads,0,LightGBM,Major_PC1,0.0
reads,0,LightGBM,Major_PC2,0.0
reads,0,LightGBM,Trace_PC1,0.0
reads,0,LightGBM,Trace_PC2,0.0
reads,0,LightGBM,Organic_PC1,0.0
reads,0,LightGBM,Organic_PC2,0.0
reads,1,XGBoost,Sediment_PC1,12279.796875
reads,1,XGBoost,Sediment_PC2,1329.97705078125
reads,1,XGBoost,Major_PC1,2090.319580078125
reads,1,XGBoost,Major_PC2,1096.606201171875
reads,1,XGBoost,Trace_PC1,10442.85546875
reads,1,XGBoost,Trace_PC2,20643.31640625
reads,1,XGBoost,Organic_PC1,3321.850830078125
reads,1,XGBoost,Organic_PC2,1926.730224609375
reads,1,RF,Sediment_PC1,11291.114949611996
reads,1,RF,Sediment_PC2,1804.1816004218485
reads,1,RF,Major_PC1,2515.3492968366054
reads,1,RF,Major_PC2,750.3162081583307
reads,1,RF,Trace_PC1,7608.180084254034
reads,1,RF,Trace_PC2,7423.786384880225
reads,1,RF,Organic_PC1,1698.5920358376788
reads,1,RF,Organic_PC2,982.770677855576
reads,1,LightGBM,Sediment_PC1,0.0
reads,1,LightGBM,Sediment_PC2,0.0
reads,1,LightGBM,Major_PC1,0.0
reads,1,LightGBM,Major_PC2,0.0
reads,1,LightGBM,Trace_PC1,0.0
reads,1,LightGBM,Trace_PC2,0.0
reads,1,LightGBM,Organic_PC1,0.0
reads,1,LightGBM,Organic_PC2,0.0
reads,2,XGBoost,Sediment_PC1,3022.627197265625
reads,2,XGBoost,Sediment_PC2,13453.3935546875
reads,2,XGBoost,Major_PC1,25235.70703125
reads,2,XGBoost,Major_PC2,5382.8916015625
reads,2,XGBoost,Trace_PC1,4421.64990234375
reads,2,XGBoost,Trace_PC2,31460.099609375
reads,2,XGBoost,Organic_PC1,4983.98046875
reads,2,XGBoost,Organic_PC2,2753.95556640625
reads,2,RF,Sediment_PC1,1722.1707829864267
reads,2,RF,Sediment_PC2,1701.0951053078738
reads,2,RF,Major_PC1,12427.275054060327
reads,2,RF,Major_PC2,15642.115579057698
reads,2,RF,Trace_PC1,6701.2686545113775
reads,2,RF,Trace_PC2,8220.393633398115
reads,2,RF,Organic_PC1,907.3134580941944
reads,2,RF,Organic_PC2,9369.30118474977
reads,2,LightGBM,Sediment_PC1,0.0
reads,2,LightGBM,Sediment_PC2,0.0
reads,2,LightGBM,Major_PC1,0.0
reads,2,LightGBM,Major_PC2,0.0
reads,2,LightGBM,Trace_PC1,0.0
reads,2,LightGBM,Trace_PC2,0.0
reads,2,LightGBM,Organic_PC1,0.0
reads,2,LightGBM,Organic_PC2,0.0
reads,3,XGBoost,Sediment_PC1,14378.94921875
reads,3,XGBoost,Sediment_PC2,11471.2626953125
reads,3,XGBoost,Major_PC1,26840.9921875
reads,3,XGBoost,Major_PC2,10813.1416015625
reads,3,XGBoost,Trace_PC1,4357.0126953125
reads,3,XGBoost,Trace_PC2,2432.73193359375
reads,3,XGBoost,Organic_PC1,2105.236083984375
reads,3,XGBoost,Organic_PC2,3338.385498046875
reads,3,RF,Sediment_PC1,12777.973715670725
reads,3,RF,Sediment_PC2,2655.772340927803
reads,3,RF,Major_PC1,6257.397944606191
reads,3,RF,Major_PC2,15224.967972213935
reads,3,RF,Trace_PC1,1603.1158118427982
reads,3,RF,Trace_PC2,3737.55711362065
reads,3,RF,Organic_PC1,1435.160054485076
reads,3,RF,Organic_PC2,3903.6993835716357
reads,3,LightGBM,Sediment_PC1,0.0
reads,3,LightGBM,Sediment_PC2,0.0
reads,3,LightGBM,Major_PC1,0.0
reads,3,LightGBM,Major_PC2,0.0
reads,3,LightGBM,Trace_PC1,0.0
reads,3,LightGBM,Trace_PC2,0.0
reads,3,LightGBM,Organic_PC1,0.0
reads,3,LightGBM,Organic_PC2,0.0
reads,4,XGBoost,Sediment_PC1,16086.0
reads,4,XGBoost,Sediment_PC2,1680.511962890625
reads,4,XGBoost,Major_PC1,17200.9296875
reads,4,XGBoost,Major_PC2,2977.59814453125
reads,4,XGBoost,Trace_PC1,18189.33984375
reads,4,XGBoost,Trace_PC2,1776.4603271484375
reads,4,XGBoost,Organic_PC1,12326.3330078125
reads,4,XGBoost,Organic_PC2,1059.857421875
reads,4,RF,Sediment_PC1,5864.901770333692
reads,4,RF,Sediment_PC2,1431.8904548087949
reads,4,RF,Major_PC1,11837.569811041734
reads,4,RF,Major_PC2,7162.058125406649
reads,4,RF,Trace_PC1,10760.66365108796
reads,4,RF,Trace_PC2,3230.8246059028584
reads,4,RF,Organic_PC1,8848.200877157169
reads,4,RF,Organic_PC2,7881.328403844509
reads,4,LightGBM,Sediment_PC1,0.0
reads,4,LightGBM,Sediment_PC2,0.0
reads,4,LightGBM,Major_PC1,0.0
reads,4,LightGBM,Major_PC2,0.0
reads,4,LightGBM,Trace_PC1,0.0
reads,4,LightGBM,Trace_PC2,0.0
reads,4,LightGBM,Organic_PC1,0.0
reads,4,LightGBM,Organic_PC2,0.0
zotu,0,XGBoost,Sediment_PC1,213.3844451904297
zotu,0,XGBoost,Sediment_PC2,107.86442565917969
zotu,0,XGBoost,Major_PC1,286.0986328125
zotu,0,XGBoost,Major_PC2,287.66802978515625
zotu,0,XGBoost,Trace_PC1,29.30208396911621
zotu,0,XGBoost,Trace_PC2,150.4765167236328
zotu,0,XGBoost,Organic_PC1,195.79579162597656
zotu,0,XGBoost,Organic_PC2,322.40740966796875
zotu,0,RF,Sediment_PC1,74.6757964564809
zotu,0,RF,Sediment_PC2,11.636320591965788
zotu,0,RF,Major_PC1,276.12689501889383
zotu,0,RF,Major_PC2,101.13795248221318
zotu,0,RF,Trace_PC1,71.77997630813893
zotu,0,RF,Trace_PC2,78.56905471643638
zotu,0,RF,Organic_PC1,62.57048496824607
zotu,0,RF,Organic_PC2,155.43899534404528
zotu,0,LightGBM,Sediment_PC1,0.0
zotu,0,LightGBM,Sediment_PC2,0.0
zotu,0,LightGBM,Major_PC1,0.0
zotu,0,LightGBM,Major_PC2,0.0
zotu,0,LightGBM,Trace_PC1,0.0
zotu,0,LightGBM,Trace_PC2,0.0
zotu,0,LightGBM,Organic_PC1,0.0
zotu,0,LightGBM,Organic_PC2,0.0
zotu,1,XGBoost,Sediment_PC1,113.2747802734375
zotu,1,XGBoost,Sediment_PC2,68.28754425048828
zotu,1,XGBoost,Major_PC1,143.15316772460938
zotu,1,XGBoost,Major_PC2,143.63027954101562
zotu,1,XGBoost,Trace_PC1,61.2983512878418
zotu,1,XGBoost,Trace_PC2,244.70175170898438
zotu,1,XGBoost,Organic_PC1,16.207109451293945
zotu,1,XGBoost,Organic_PC2,250.2316436767578
zotu,1,RF,Sediment_PC1,70.84070521982173
zotu,1,RF,Sediment_PC2,36.373556147119835
zotu,1,RF,Major_PC1,90.25156801345645
zotu,1,RF,Major_PC2,50.32365081343591
zotu,1,RF,Trace_PC1,69.39153036260889
zotu,1,RF,Trace_PC2,157.26568558884065
zotu,1,RF,Organic_PC1,34.74793731623964
zotu,1,RF,Organic_PC2,63.600200824897215
zotu,1,LightGBM,Sediment_PC1,0.0
zotu,1,LightGBM,Sediment_PC2,0.0
zotu,1,LightGBM,Major_PC1,0.0
zotu,1,LightGBM,Major_PC2,0.0
zotu,1,LightGBM,Trace_PC1,0.0
zotu,1,LightGBM,Trace_PC2,0.0
zotu,1,LightGBM,Organic_PC1,0.0
zotu,1,LightGBM,Organic_PC2,0.0
zotu,2,XGBoost,Sediment_PC1,125.9295654296875
zotu,2,XGBoost,Sediment_PC2,55.52421951293945
zotu,2,XGBoost,Major_PC1,318.0001525878906
zotu,2,XGBoost,Major_PC2,575.9677124023438
zotu,2,XGBoost,Trace_PC1,459.77587890625
zotu,2,XGBoost,Trace_PC2,64.53202819824219
zotu,2,XGBoost,Organic_PC1,50.69286346435547
zotu,2,XGBoost,Organic_PC2,64.83806610107422
zotu,2,RF,Sediment_PC1,54.16459589008117
zotu,2,RF,Sediment_PC2,9.764827057094408
zotu,2,RF,Major_PC1,210.74084797044262
zotu,2,RF,Major_PC2,216.08906358689077
zotu,2,RF,Trace_PC1,54.821426548097634
zotu,2,RF,Trace_PC2,32.081365151662446
zotu,2,RF,Organic_PC1,93.1454733575969
zotu,2,RF,Organic_PC2,99.51561897729215
zotu,2,LightGBM,Sediment_PC1,0.0
zotu,2,LightGBM,Sediment_PC2,0.0
zotu,2,LightGBM,Major_PC1,0.0
zotu,2,LightGBM,Major_PC2,0.0
zotu,2,LightGBM,Trace_PC1,0.0
zotu,2,LightGBM,Trace_PC2,0.0
zotu,2,LightGBM,Organic_PC1,0.0
zotu,2,LightGBM,Organic_PC2,0.0
zotu,3,XGBoost,Sediment_PC1,212.68115234375
zotu,3,XGBoost,Sediment_PC2,57.51544952392578
zotu,3,XGBoost,Major_PC1,219.048828125
zotu,3,XGBoost,Major_PC2,481.35888671875
zotu,3,XGBoost,Trace_PC1,135.53460693359375
zotu,3,XGBoost,Trace_PC2,80.89785766601562
zotu,3,XGBoost,Organic_PC1,60.70262145996094
zotu,3,XGBoost,Organic_PC2,48.93899917602539
zotu,3,RF,Sediment_PC1,85.45958363589531
zotu,3,RF,Sediment_PC2,22.301870640738613
zotu,3,RF,Major_PC1,69.30334535360436
zotu,3,RF,Major_PC2,174.9873172846496
zotu,3,RF,Trace_PC1,38.30914120590345
zotu,3,RF,Trace_PC2,177.91605781298455
zotu,3,RF,Organic_PC1,46.71120353695972
zotu,3,RF,Organic_PC2,50.100531771879545
zotu,3,LightGBM,Sediment_PC1,0.0
zotu,3,LightGBM,Sediment_PC2,0.0
zotu,3,LightGBM,Major_PC1,0.0
zotu,3,LightGBM,Major_PC2,0.0
zotu,3,LightGBM,Trace_PC1,0.0
zotu,3,LightGBM,Trace_PC2,0.0
zotu,3,LightGBM,Organic_PC1,0.0
zotu,3,LightGBM,Organic_PC2,0.0
zotu,4,XGBoost,Sediment_PC1,183.30059814453125
zotu,4,XGBoost,Sediment_PC2,58.82372283935547
zotu,4,XGBoost,Major_PC1,223.6087188720703
zotu,4,XGBoost,Major_PC2,64.91069030761719
zotu,4,XGBoost,Trace_PC1,300.7152099609375
zotu,4,XGBoost,Trace_PC2,57.64896774291992
zotu,4,XGBoost,Organic_PC1,374.64825439453125
zotu,4,XGBoost,Organic_PC2,65.91815185546875
zotu,4,RF,Sediment_PC1,77.96907951081666
zotu,4,RF,Sediment_PC2,10.62679280913168
zotu,4,RF,Major_PC1,107.41130788923489
zotu,4,RF,Major_PC2,93.8872563406398
zotu,4,RF,Trace_PC1,114.70119472022104
zotu,4,RF,Trace_PC2,38.52214908023755
zotu,4,RF,Organic_PC1,204.14538223256307
zotu,4,RF,Organic_PC2,76.53183015470351
zotu,4,LightGBM,Sediment_PC1,0.0
zotu,4,LightGBM,Sediment_PC2,0.0
zotu,4,LightGBM,Major_PC1,0.0
zotu,4,LightGBM,Major_PC2,0.0
zotu,4,LightGBM,Trace_PC1,0.0
zotu,4,LightGBM,Trace_PC2,0.0
zotu,4,LightGBM,Organic_PC1,0.0
zotu,4,LightGBM,Organic_PC2,0.0
shannon,0,XGBoost,Sediment_PC1,0.06047575920820236
shannon,0,XGBoost,Sediment_PC2,0.0817459374666214
shannon,0,XGBoost,Major_PC1,0.07002091407775879
shannon,0,XGBoost,Major_PC2,0.026102889329195023
shannon,0,XGBoost,Trace_PC1,0.028726790100336075
shannon,0,XGBoost,Trace_PC2,0.04063781723380089
shannon,0,XGBoost,Organic_PC1,0.07795965671539307
shannon,0,XGBoost,Organic_PC2,0.013850271701812744
shannon,0,RF,Sediment_PC1,0.019234231577801277
shannon,0,RF,Sediment_PC2,0.0435853461129672
shannon,0,RF,Major_PC1,0.03691153548686048
shannon,0,RF,Major_PC2,0.05496545712435673
shannon,0,RF,Trace_PC1,0.005836994891043647
shannon,0,RF,Trace_PC2,0.019293714331012755
shannon,0,RF,Organic_PC1,0.033910119848505324
shannon,0,RF,Organic_PC2,0.012310044922051724
shannon,0,LightGBM,Sediment_PC1,0.0
shannon,0,LightGBM,Sediment_PC2,0.0
shannon,0,LightGBM,Major_PC1,0.0
shannon,0,LightGBM,Major_PC2,0.0
shannon,0,LightGBM,Trace_PC1,0.0
shannon,0,LightGBM,Trace_PC2,0.0
shannon,0,LightGBM,Organic_PC1,0.0
shannon,0,LightGBM,Organic_PC2,0.0
shannon,1,XGBoost,Sediment_PC1,0.12286584079265594
shannon,1,XGBoost,Sediment_PC2,0.04123945161700249
shannon,1,XGBoost,Major_PC1,0.02503480575978756
shannon,1,XGBoost,Major_PC2,0.008093918673694134
shannon,1,XGBoost,Trace_PC1,0.03635662794113159
shannon,1,XGBoost,Trace_PC2,0.0274876207113266
shannon,1,XGBoost,Organic_PC1,0.059844665229320526
shannon,1,XGBoost,Organic_PC2,0.05460428074002266
shannon,1,RF,Sediment_PC1,0.02672171609723767
shannon,1,RF,Sediment_PC2,0.033213909683245314
shannon,1,RF,Major_PC1,0.005701707348578052
shannon,1,RF,Major_PC2,0.004890840953387536
shannon,1,RF,Trace_PC1,0.0104683953693198
shannon,1,RF,Trace_PC2,0.027502725221659967
shannon,1,RF,Organic_PC1,0.03239783625895921
shannon,1,RF,Organic_PC2,0.012047831018212407
shannon,1,LightGBM,Sediment_PC1,0.0
shannon,1,LightGBM,Sediment_PC2,0.0
shannon,1,LightGBM,Major_PC1,0.0
shannon,1,LightGBM,Major_PC2,0.0
shannon,1,LightGBM,Trace_PC1,0.0
shannon,1,LightGBM,Trace_PC2,0.0
shannon,1,LightGBM,Organic_PC1,0.0
shannon,1,LightGBM,Organic_PC2,0.0
shannon,2,XGBoost,Sediment_PC1,0.12077292054891586
shannon,2,XGBoost,Sediment_PC2,0.057582855224609375
shannon,2,XGBoost,Major_PC1,0.01647261530160904
shannon,2,XGBoost,Major_PC2,0.027475614100694656
shannon,2,XGBoost,Trace_PC1,0.015232386067509651
shannon,2,XGBoost,Trace_PC2,0.05947171896696091
shannon,2,XGBoost,Organic_PC1,0.03176640346646309
shannon,2,XGBoost,Organic_PC2,0.05967598035931587
shannon,2,RF,Sediment_PC1,0.04568741541411975
shannon,2,RF,Sediment_PC2,0.02343159232328318
shannon,2,RF,Major_PC1,0.003874291969661479
shannon,2,RF,Major_PC2,0.020735184222072784
shannon,2,RF,Trace_PC1,0.02666584559635124
shannon,2,RF,Trace_PC2,0.023673479031750193
shannon,2,RF,Organic_PC1,0.01885149713958307
shannon,2,RF,Organic_PC2,0.028038437704404413
shannon,2,LightGBM,Sediment_PC1,0.0
shannon,2,LightGBM,Sediment_PC2,0.0
shannon,2,LightGBM,Major_PC1,0.0
shannon,2,LightGBM,Major_PC2,0.0
shannon,2,LightGBM,Trace_PC1,0.0
shannon,2,LightGBM,Trace_PC2,0.0
shannon,2,LightGBM,Organic_PC1,0.0
shannon,2,LightGBM,Organic_PC2,0.0
shannon,3,XGBoost,Sediment_PC1,0.051130786538124084
shannon,3,XGBoost,Sediment_PC2,0.024626659229397774
shannon,3,XGBoost,Major_PC1,0.018597759306430817
shannon,3,XGBoost,Major_PC2,0.09100045263767242
shannon,3,XGBoost,Trace_PC1,0.018731113523244858
shannon,3,XGBoost,Trace_PC2,0.016245968639850616
shannon,3,XGBoost,Organic_PC1,0.03879566863179207
shannon,3,XGBoost,Organic_PC2,0.048705436289310455
shannon,3,RF,Sediment_PC1,0.024171667626581426
shannon,3,RF,Sediment_PC2,0.027200382215217294
shannon,3,RF,Major_PC1,0.003523667431830498
shannon,3,RF,Major_PC2,0.03600407481899776
shannon,3,RF,Trace_PC1,0.014238600107532676
shannon,3,RF,Trace_PC2,0.017271550802786566
shannon,3,RF,Organic_PC1,0.01693032513122356
shannon,3,RF,Organic_PC2,0.008788828111526094
shannon,3,LightGBM,Sediment_PC1,0.0
shannon,3,LightGBM,Sediment_PC2,0.0
shannon,3,LightGBM,Major_PC1,0.0
shannon,3,LightGBM,Major_PC2,0.0
shannon,3,LightGBM,Trace_PC1,0.0
shannon,3,LightGBM,Trace_PC2,0.0
shannon,3,LightGBM,Organic_PC1,0.0
shannon,3,LightGBM,Organic_PC2,0.0
shannon,4,XGBoost,Sediment_PC1,0.06577332317829132
shannon,4,XGBoost,Sediment_PC2,0.05077614262700081
shannon,4,XGBoost,Major_PC1,0.04548795521259308
shannon,4,XGBoost,Major_PC2,0.06548500806093216
shannon,4,XGBoost,Trace_PC1,0.05921148508787155
shannon,4,XGBoost,Trace_PC2,0.029654761776328087
shannon,4,XGBoost,Organic_PC1,0.04867449402809143
shannon,4,XGBoost,Organic_PC2,0.02724962867796421
shannon,4,RF,Sediment_PC1,0.028606822317754552
shannon,4,RF,Sediment_PC2,0.03509016560359314
shannon,4,RF,Major_PC1,0.03908511157443684
shannon,4,RF,Major_PC2,0.01248004350160064
shannon,4,RF,Trace_PC1,0.0248597334007769
shannon,4,RF,Trace_PC2,0.021782202779395958
shannon,4,RF,Organic_PC1,0.04324034090219397
shannon,4,RF,Organic_PC2,0.010599706144016773
shannon,4,LightGBM,Sediment_PC1,0.0
shannon,4,LightGBM,Sediment_PC2,0.0
shannon,4,LightGBM,Major_PC1,0.0
shannon,4,LightGBM,Major_PC2,0.0
shannon,4,LightGBM,Trace_PC1,0.0
shannon,4,LightGBM,Trace_PC2,0.0
shannon,4,LightGBM,Organic_PC1,0.0
shannon,4,LightGBM,Organic_PC2,0.0
simpson,0,XGBoost,Sediment_PC1,0.0011639752192422748
simpson,0,XGBoost,Sediment_PC2,0.0010496203321963549
simpson,0,XGBoost,Major_PC1,0.0029048484284430742
simpson,0,XGBoost,Major_PC2,0.0012373538920655847
simpson,0,XGBoost,Trace_PC1,0.0010197272058576345
simpson,0,XGBoost,Trace_PC2,0.0014429718721657991
simpson,0,XGBoost,Organic_PC1,0.0025764417368918657
simpson,0,XGBoost,Organic_PC2,0.0008051074109971523
simpson,0,RF,Sediment_PC1,0.0007875017864849961
simpson,0,RF,Sediment_PC2,0.0006415267489215363
simpson,0,RF,Major_PC1,0.001906444797811984
simpson,0,RF,Major_PC2,0.0008363678568186428
simpson,0,RF,Trace_PC1,0.001277186137042298
simpson,0,RF,Trace_PC2,0.0013991916752832414
simpson,0,RF,Organic_PC1,0.0009032765295656876
simpson,0,RF,Organic_PC2,0.0006481141212378249
simpson,0,LightGBM,Sediment_PC1,0.0
simpson,0,LightGBM,Sediment_PC2,0.0
simpson,0,LightGBM,Major_PC1,0.0
simpson,0,LightGBM,Major_PC2,0.0
simpson,0,LightGBM,Trace_PC1,0.0
simpson,0,LightGBM,Trace_PC2,0.0
simpson,0,LightGBM,Organic_PC1,0.0
simpson,0,LightGBM,Organic_PC2,0.0
simpson,1,XGBoost,Sediment_PC1,0.0013655241345986724
simpson,1,XGBoost,Sediment_PC2,0.0021604071371257305
simpson,1,XGBoost,Major_PC1,0.0003785174631047994
simpson,1,XGBoost,Major_PC2,0.00014048369484953582
simpson,1,XGBoost,Trace_PC1,0.0004095268959645182
simpson,1,XGBoost,Trace_PC2,0.002245063427835703
simpson,1,XGBoost,Organic_PC1,0.0009024337050504982
simpson,1,XGBoost,Organic_PC2,0.000879509374499321
simpson,1,RF,Sediment_PC1,0.00037517451828733626
simpson,1,RF,Sediment_PC2,0.00048033832156144215
simpson,1,RF,Major_PC1,0.00037694055660194876
simpson,1,RF,Major_PC2,0.00013969277190002837
simpson,1,RF,Trace_PC1,0.00014032712555990998
simpson,1,RF,Trace_PC2,0.002031701679911424
simpson,1,RF,Organic_PC1,0.00014919695213229018
simpson,1,RF,Organic_PC2,0.0005865469858509165
simpson,1,LightGBM,Sediment_PC1,0.0
simpson,1,LightGBM,Sediment_PC2,0.0
simpson,1,LightGBM,Major_PC1,0.0
simpson,1,LightGBM,Major_PC2,0.0
simpson,1,LightGBM,Trace_PC1,0.0
simpson,1,LightGBM,Trace_PC2,0.0
simpson,1,LightGBM,Organic_PC1,0.0
simpson,1,LightGBM,Organic_PC2,0.0
simpson,2,XGBoost,Sediment_PC1,0.0016716442769393325
simpson,2,XGBoost,Sediment_PC2,0.0009026149054989219
simpson,2,XGBoost,Major_PC1,0.0014532188652083278
simpson,2,XGBoost,Major_PC2,0.0006495642010122538
simpson,2,XGBoost,Trace_PC1,0.0025408309884369373
simpson,2,XGBoost,Trace_PC2,0.0023566773161292076
simpson,2,XGBoost,Organic_PC1,0.00028489434043876827
simpson,2,XGBoost,Organic_PC2,0.002173572313040495
simpson,2,RF,Sediment_PC1,0.0012831735104687212
simpson,2,RF,Sediment_PC2,0.000586595043915434
simpson,2,RF,Major_PC1,0.00036646147295279856
simpson,2,RF,Major_PC2,0.00042507931116891667
simpson,2,RF,Trace_PC1,0.0014996727939528723
simpson,2,RF,Trace_PC2,0.002975314189697387
simpson,2,RF,Organic_PC1,8.843199796987008e-05
simpson,2,RF,Organic_PC2,0.0016860951426141343
simpson,2,LightGBM,Sediment_PC1,0.0
simpson,2,LightGBM,Sediment_PC2,0.0
simpson,2,LightGBM,Major_PC1,0.0
simpson,2,LightGBM,Major_PC2,0.0
simpson,2,LightGBM,Trace_PC1,0.0
simpson,2,LightGBM,Trace_PC2,0.0
simpson,2,LightGBM,Organic_PC1,0.0
simpson,2,LightGBM,Organic_PC2,0.0
simpson,3,XGBoost,Sediment_PC1,0.00048265824443660676
simpson,3,XGBoost,Sediment_PC2,0.0016391349490731955
simpson,3,XGBoost,Major_PC1,0.0006200567004270852
simpson,3,XGBoost,Major_PC2,0.0011098699178546667
simpson,3,XGBoost,Trace_PC1,0.0011675204150378704
simpson,3,XGBoost,Trace_PC2,0.0017604460008442402
simpson,3,XGBoost,Organic_PC1,0.0012434078380465508
simpson,3,XGBoost,Organic_PC2,0.002166633727028966
simpson,3,RF,Sediment_PC1,0.0005593870025404001
simpson,3,RF,Sediment_PC2,0.0006175659671845247
simpson,3,RF,Major_PC1,0.0002757760194657953
simpson,3,RF,Major_PC2,0.000537629771160684
simpson,3,RF,Trace_PC1,0.0019137513489700807
simpson,3,RF,Trace_PC2,0.00041392860580312363
simpson,3,RF,Organic_PC1,0.0001361657995324753
simpson,3,RF,Organic_PC2,0.0011913172939852909
simpson,3,LightGBM,Sediment_PC1,0.0
simpson,3,LightGBM,Sediment_PC2,0.0
simpson,3,LightGBM,Major_PC1,0.0
simpson,3,LightGBM,Major_PC2,0.0
simpson,3,LightGBM,Trace_PC1,0.0
simpson,3,LightGBM,Trace_PC2,0.0
simpson,3,LightGBM,Organic_PC1,0.0
simpson,3,LightGBM,Organic_PC2,0.0
simpson,4,XGBoost,Sediment_PC1,0.0016294275410473347
simpson,4,XGBoost,Sediment_PC2,0.0023340480402112007
simpson,4,XGBoost,Major_PC1,0.0024469573982059956
simpson,4,XGBoost,Major_PC2,0.0011863933177664876
simpson,4,XGBoost,Trace_PC1,0.0013357759453356266
simpson,4,XGBoost,Trace_PC2,0.0003531791444402188
simpson,4,XGBoost,Organic_PC1,0.0009575558360666037
simpson,4,XGBoost,Organic_PC2,0.0014953389763832092
simpson,4,RF,Sediment_PC1,0.0009525339757187159
simpson,4,RF,Sediment_PC2,0.0008997703088721333
simpson,4,RF,Major_PC1,0.0009382134966339917
simpson,4,RF,Major_PC2,0.0007895129597027319
simpson,4,RF,Trace_PC1,0.0010224886192346679
simpson,4,RF,Trace_PC2,0.0003596943694488956
simpson,4,RF,Organic_PC1,0.001432112893649083
simpson,4,RF,Organic_PC2,0.0017009936876572007
simpson,4,LightGBM,Sediment_PC1,0.0
simpson,4,LightGBM,Sediment_PC2,0.0
simpson,4,LightGBM,Major_PC1,0.0
simpson,4,LightGBM,Major_PC2,0.0
simpson,4,LightGBM,Trace_PC1,0.0
simpson,4,LightGBM,Trace_PC2,0.0
simpson,4,LightGBM,Organic_PC1,0.0
simpson,4,LightGBM,Organic_PC2,0.0
Rotaliida,0,XGBoost,Sediment_PC1,1730.3134765625
Rotaliida,0,XGBoost,Sediment_PC2,270.0428466796875
Rotaliida,0,XGBoost,Major_PC1,2619.982177734375
Rotaliida,0,XGBoost,Major_PC2,98.64784240722656
Rotaliida,0,XGBoost,Trace_PC1,1512.38916015625
Rotaliida,0,XGBoost,Trace_PC2,308.456787109375
Rotaliida,0,XGBoost,Organic_PC1,127.4071273803711
Rotaliida,0,XGBoost,Organic_PC2,1260.425537109375
Rotaliida,0,RF,Sediment_PC1,797.671432498639
Rotaliida,0,RF,Sediment_PC2,44.71765574213472
Rotaliida,0,RF,Major_PC1,2653.395374860458
Rotaliida,0,RF,Major_PC2,483.1109286856501
Rotaliida,0,RF,Trace_PC1,1050.036903147387
Rotaliida,0,RF,Trace_PC2,772.2576602605225
Rotaliida,0,RF,Organic_PC1,205.7536454807219
Rotaliida,0,RF,Organic_PC2,408.70739997704084
Rotaliida,0,LightGBM,Sediment_PC1,0.0
Rotaliida,0,LightGBM,Sediment_PC2,0.0
Rotaliida,0,LightGBM,Major_PC1,0.0
Rotaliida,0,LightGBM,Major_PC2,0.0
Rotaliida,0,LightGBM,Trace_PC1,0.0
Rotaliida,0,LightGBM,Trace_PC2,0.0
Rotaliida,0,LightGBM,Organic_PC1,0.0
Rotaliida,0,LightGBM,Organic_PC2,0.0
Rotaliida,1,XGBoost,Sediment_PC1,1340.7232666015625
Rotaliida,1,XGBoost,Sediment_PC2,406.69647216796875
Rotaliida,1,XGBoost,Major_PC1,140.20916748046875
Rotaliida,1,XGBoost,Major_PC2,607.604736328125
Rotaliida,1,XGBoost,Trace_PC1,1454.0899658203125
Rotaliida,1,XGBoost,Trace_PC2,749.1646728515625
Rotaliida,1,XGBoost,Organic_PC1,800.2272338867188
Rotaliida,1,XGBoost,Organic_PC2,208.1820831298828
Rotaliida,1,RF,Sediment_PC1,2008.402541308813
Rotaliida,1,RF,Sediment_PC2,210.77556790527805
Rotaliida,1,RF,Major_PC1,305.8380776586469
Rotaliida,1,RF,Major_PC2,132.9930404864812
Rotaliida,1,RF,Trace_PC1,788.8159129857959
Rotaliida,1,RF,Trace_PC2,506.6521930566798
Rotaliida,1,RF,Organic_PC1,329.65171696977734
Rotaliida,1,RF,Organic_PC2,104.44554997600537
Rotaliida,1,LightGBM,Sediment_PC1,0.0
Rotaliida,1,LightGBM,Sediment_PC2,0.0
Rotaliida,1,LightGBM,Major_PC1,0.0
Rotaliida,1,LightGBM,Major_PC2,0.0
Rotaliida,1,LightGBM,Trace_PC1,0.0
Rotaliida,1,LightGBM,Trace_PC2,0.0
Rotaliida,1,LightGBM,Organic_PC1,0.0
Rotaliida,1,LightGBM,Organic_PC2,0.0
Rotaliida,2,XGBoost,Sediment_PC1,686.0753784179688
Rotaliida,2,XGBoost,Sediment_PC2,1332.8050537109375
Rotaliida,2,XGBoost,Major_PC1,3282.42041015625
Rotaliida,2,XGBoost,Major_PC2,340.6421203613281
Rotaliida,2,XGBoost,Trace_PC1,846.826171875
Rotaliida,2,XGBoost,Trace_PC2,1080.60693359375
Rotaliida,2,XGBoost,Organic_PC1,241.3233642578125
Rotaliida,2,XGBoost,Organic_PC2,953.5042114257812
Rotaliida,2,RF,Sediment_PC1,522.1596080535854
Rotaliida,2,RF,Sediment_PC2,319.8910795660792
Rotaliida,2,RF,Major_PC1,1353.6849966193554
Rotaliida,2,RF,Major_PC2,1955.9919149200273
Rotaliida,2,RF,Trace_PC1,951.5809391246175
Rotaliida,2,RF,Trace_PC2,517.9141756258371
Rotaliida,2,RF,Organic_PC1,76.18283593146163
Rotaliida,2,RF,Organic_PC2,856.001691391413
Rotaliida,2,LightGBM,Sediment_PC1,0.0
Rotaliida,2,LightGBM,Sediment_PC2,0.0
Rotaliida,2,LightGBM,Major_PC1,0.0
Rotaliida,2,LightGBM,Major_PC2,0.0
Rotaliida,2,LightGBM,Trace_PC1,0.0
Rotaliida,2,LightGBM,Trace_PC2,0.0
Rotaliida,2,LightGBM,Organic_PC1,0.0
Rotaliida,2,LightGBM,Organic_PC2,0.0
Rotaliida,3,XGBoost,Sediment_PC1,1643.194580078125
Rotaliida,3,XGBoost,Sediment_PC2,1164.61083984375
Rotaliida,3,XGBoost,Major_PC1,2894.140869140625
Rotaliida,3,XGBoost,Major_PC2,1065.924560546875
Rotaliida,3,XGBoost,Trace_PC1,690.3557739257812
Rotaliida,3,XGBoost,Trace_PC2,381.5163269042969
Rotaliida,3,XGBoost,Organic_PC1,94.51859283447266
Rotaliida,3,XGBoost,Organic_PC2,1078.8468017578125
Rotaliida,3,RF,Sediment_PC1,994.0419452008761
Rotaliida,3,RF,Sediment_PC2,217.5441635346962
Rotaliida,3,RF,Major_PC1,759.9875107447523
Rotaliida,3,RF,Major_PC2,1542.5444718549468
Rotaliida,3,RF,Trace_PC1,185.98895791051
Rotaliida,3,RF,Trace_PC2,387.20508005822154
Rotaliida,3,RF,Organic_PC1,52.27892089795227
Rotaliida,3,RF,Organic_PC2,707.8923266591756
Rotaliida,3,LightGBM,Sediment_PC1,0.0
Rotaliida,3,LightGBM,Sediment_PC2,0.0
Rotaliida,3,LightGBM,Major_PC1,0.0
Rotaliida,3,LightGBM,Major_PC2,0.0
Rotaliida,3,LightGBM,Trace_PC1,0.0
Rotaliida,3,LightGBM,Trace_PC2,0.0
Rotaliida,3,LightGBM,Organic_PC1,0.0
Rotaliida,3,LightGBM,Organic_PC2,0.0
Rotaliida,4,XGBoost,Sediment_PC1,1459.8388671875
Rotaliida,4,XGBoost,Sediment_PC2,184.13058471679688
Rotaliida,4,XGBoost,Major_PC1,2264.09765625
Rotaliida,4,XGBoost,Major_PC2,494.9989013671875
Rotaliida,4,XGBoost,Trace_PC1,1550.514404296875
Rotaliida,4,XGBoost,Trace_PC2,587.583740234375
Rotaliida,4,XGBoost,Organic_PC1,1633.185546875
Rotaliida,4,XGBoost,Organic_PC2,464.2646484375
Rotaliida,4,RF,Sediment_PC1,624.7267213689473
Rotaliida,4,RF,Sediment_PC2,216.99135292744816
Rotaliida,4,RF,Major_PC1,889.0238029551748
Rotaliida,4,RF,Major_PC2,838.176893322129
Rotaliida,4,RF,Trace_PC1,716.5498713427036
Rotaliida,4,RF,Trace_PC2,379.85487818486763
Rotaliida,4,RF,Organic_PC1,872.7691138212867
Rotaliida,4,RF,Organic_PC2,942.1302613391358
Rotaliida,4,LightGBM,Sediment_PC1,0.0
Rotaliida,4,LightGBM,Sediment_PC2,0.0
Rotaliida,4,LightGBM,Major_PC1,0.0
Rotaliida,4,LightGBM,Major_PC2,0.0
Rotaliida,4,LightGBM,Trace_PC1,0.0
Rotaliida,4,LightGBM,Trace_PC2,0.0
Rotaliida,4,LightGBM,Organic_PC1,0.0
Rotaliida,4,LightGBM,Organic_PC2,0.0
Textulariida,0,XGBoost,Sediment_PC1,81.5167007446289
Textulariida,0,XGBoost,Sediment_PC2,4.257384300231934
Textulariida,0,XGBoost,Major_PC1,70.05817413330078
Textulariida,0,XGBoost,Major_PC2,5.532989978790283
Textulariida,0,XGBoost,Trace_PC1,12.388952255249023
Textulariida,0,XGBoost,Trace_PC2,58.20063400268555
Textulariida,0,XGBoost,Organic_PC1,2.350593328475952
Textulariida,0,XGBoost,Organic_PC2,16.706451416015625
Textulariida,0,RF,Sediment_PC1,14.53213571535313
Textulariida,0,RF,Sediment_PC2,11.51747097300046
Textulariida,0,RF,Major_PC1,68.52225789831327
Textulariida,0,RF,Major_PC2,6.985883891227966
Textulariida,0,RF,Trace_PC1,18.016242465322044
Textulariida,0,RF,Trace_PC2,37.10691298048904
Textulariida,0,RF,Organic_PC1,4.40300287583674
Textulariida,0,RF,Organic_PC2,6.641773478055261
Textulariida,0,LightGBM,Sediment_PC1,0.0
Textulariida,0,LightGBM,Sediment_PC2,0.0
Textulariida,0,LightGBM,Major_PC1,0.0
Textulariida,0,LightGBM,Major_PC2,0.0
Textulariida,0,LightGBM,Trace_PC1,0.0
Textulariida,0,LightGBM,Trace_PC2,0.0
Textulariida,0,LightGBM,Organic_PC1,0.0
Textulariida,0,LightGBM,Organic_PC2,0.0
Textulariida,1,XGBoost,Sediment_PC1,56.48998260498047
Textulariida,1,XGBoost,Sediment_PC2,8.18632698059082
Textulariida,1,XGBoost,Major_PC1,10.854207038879395
Textulariida,1,XGBoost,Major_PC2,1.6521183252334595
Textulariida,1,XGBoost,Trace_PC1,9.45880126953125
Textulariida,1,XGBoost,Trace_PC2,115.64308166503906
Textulariida,1,XGBoost,Organic_PC1,5.441614151000977
Textulariida,1,XGBoost,Organic_PC2,0.6010640859603882
Textulariida,1,RF,Sediment_PC1,20.358238734204964
Textulariida,1,RF,Sediment_PC2,11.368123890303035
Textulariida,1,RF,Major_PC1,10.158949579848711
Textulariida,1,RF,Major_PC2,3.1168168220733925
Textulariida,1,RF,Trace_PC1,8.380182736886523
Textulariida,1,RF,Trace_PC2,56.06138693649562
Textulariida,1,RF,Organic_PC1,2.0419523697517743
Textulariida,1,RF,Organic_PC2,3.782284318867911
Textulariida,1,LightGBM,Sediment_PC1,0.0
Textulariida,1,LightGBM,Sediment_PC2,0.0
Textulariida,1,LightGBM,Major_PC1,0.0
Textulariida,1,LightGBM,Major_PC2,0.0
Textulariida,1,LightGBM,Trace_PC1,0.0
Textulariida,1,LightGBM,Trace_PC2,0.0
Textulariida,1,LightGBM,Organic_PC1,0.0
Textulariida,1,LightGBM,Organic_PC2,0.0
Textulariida,2,XGBoost,Sediment_PC1,18.37899398803711
Textulariida,2,XGBoost,Sediment_PC2,2.088114023208618
Textulariida,2,XGBoost,Major_PC1,40.84685134887695
Textulariida,2,XGBoost,Major_PC2,53.984466552734375
Textulariida,2,XGBoost,Trace_PC1,5.216427803039551
Textulariida,2,XGBoost,Trace_PC2,2.641867160797119
Textulariida,2,XGBoost,Organic_PC1,4.386613845825195
Textulariida,2,XGBoost,Organic_PC2,3.9824042320251465
Textulariida,2,RF,Sediment_PC1,11.111841096524055
Textulariida,2,RF,Sediment_PC2,5.4292613778507945
Textulariida,2,RF,Major_PC1,36.37041656606853
Textulariida,2,RF,Major_PC2,56.692127966600005
Textulariida,2,RF,Trace_PC1,15.627687631184056
Textulariida,2,RF,Trace_PC2,81.34269062500007
Textulariida,2,RF,Organic_PC1,1.6682371047649234
Textulariida,2,RF,Organic_PC2,15.522469170094917
Textulariida,2,LightGBM,Sediment_PC1,0.0
Textulariida,2,LightGBM,Sediment_PC2,0.0
Textulariida,2,LightGBM,Major_PC1,0.0
Textulariida,2,LightGBM,Major_PC2,0.0
Textulariida,2,LightGBM,Trace_PC1,0.0
Textulariida,2,LightGBM,Trace_PC2,0.0
Textulariida,2,LightGBM,Organic_PC1,0.0
Textulariida,2,LightGBM,Organic_PC2,0.0
Textulariida,3,XGBoost,Sediment_PC1,13.135513305664062
Textulariida,3,XGBoost,Sediment_PC2,23.6585693359375
Textulariida,3,XGBoost,Major_PC1,33.265933990478516
Textulariida,3,XGBoost,Major_PC2,12.32603645324707
Textulariida,3,XGBoost,Trace_PC1,8.480039596557617
Textulariida,3,XGBoost,Trace_PC2,6.270286560058594
Textulariida,3,XGBoost,Organic_PC1,5.656772613525391
Textulariida,3,XGBoost,Organic_PC2,8.435970306396484
Textulariida,3,RF,Sediment_PC1,9.715789611572367
Textulariida,3,RF,Sediment_PC2,7.055962956738995
Textulariida,3,RF,Major_PC1,9.558826042576687
Textulariida,3,RF,Major_PC2,20.953119728167586
Textulariida,3,RF,Trace_PC1,3.753233528438424
Textulariida,3,RF,Trace_PC2,6.827577839704326
Textulariida,3,RF,Organic_PC1,1.1068349162741316
Textulariida,3,RF,Organic_PC2,6.281501924829069
Textulariida,3,LightGBM,Sediment_PC1,0.0
Textulariida,3,LightGBM,Sediment_PC2,0.0
Textulariida,3,LightGBM,Major_PC1,0.0
Textulariida,3,LightGBM,Major_PC2,0.0
Textulariida,3,LightGBM,Trace_PC1,0.0
Textulariida,3,LightGBM,Trace_PC2,0.0
Textulariida,3,LightGBM,Organic_PC1,0.0
Textulariida,3,LightGBM,Organic_PC2,0.0
Textulariida,4,XGBoost,Sediment_PC1,127.45472717285156
Textulariida,4,XGBoost,Sediment_PC2,3.2510316371917725
Textulariida,4,XGBoost,Major_PC1,138.53070068359375
Textulariida,4,XGBoost,Major_PC2,3.3662261962890625
Textulariida,4,XGBoost,Trace_PC1,14.41077709197998
Textulariida,4,XGBoost,Trace_PC2,6.1479716300964355
Textulariida,4,XGBoost,Organic_PC1,20.40616798400879
Textulariida,4,XGBoost,Organic_PC2,4.1045355796813965
Textulariida,4,RF,Sediment_PC1,7.142462769273946
Textulariida,4,RF,Sediment_PC2,2.583806737694882
Textulariida,4,RF,Major_PC1,133.06562969096797
Textulariida,4,RF,Major_PC2,7.983968372046844
Textulariida,4,RF,Trace_PC1,18.661050656210453
Textulariida,4,RF,Trace_PC2,10.229129220849943
Textulariida,4,RF,Organic_PC1,11.782072171982644
Textulariida,4,RF,Organic_PC2,7.938776730773169
Textulariida,4,LightGBM,Sediment_PC1,0.0
Textulariida,4,LightGBM,Sediment_PC2,0.0
Textulariida,4,LightGBM,Major_PC1,0.0
Textulariida,4,LightGBM,Major_PC2,0.0
Textulariida,4,LightGBM,Trace_PC1,0.0
Textulariida,4,LightGBM,Trace_PC2,0.0
Textulariida,4,LightGBM,Organic_PC1,0.0
Textulariida,4,LightGBM,Organic_PC2,0.0
Monothalamida,0,XGBoost,Sediment_PC1,7560.89697265625
Monothalamida,0,XGBoost,Sediment_PC2,272.93536376953125
Monothalamida,0,XGBoost,Major_PC1,5994.4267578125
Monothalamida,0,XGBoost,Major_PC2,538.9326782226562
Monothalamida,0,XGBoost,Trace_PC1,1595.0361328125
Monothalamida,0,XGBoost,Trace_PC2,6089.6337890625
Monothalamida,0,XGBoost,Organic_PC1,1057.0047607421875
Monothalamida,0,XGBoost,Organic_PC2,2270.890625
Monothalamida,0,RF,Sediment_PC1,2199.7986675811194
Monothalamida,0,RF,Sediment_PC2,313.69709609981385
Monothalamida,0,RF,Major_PC1,6745.866528131779
Monothalamida,0,RF,Major_PC2,530.4454601953568
Monothalamida,0,RF,Trace_PC1,2761.106513034749
Monothalamida,0,RF,Trace_PC2,3257.4141196250325
Monothalamida,0,RF,Organic_PC1,482.27476776921293
Monothalamida,0,RF,Organic_PC2,625.8084057701963
Monothalamida,0,LightGBM,Sediment_PC1,0.0
Monothalamida,0,LightGBM,Sediment_PC2,0.0
Monothalamida,0,LightGBM,Major_PC1,0.0
Monothalamida,0,LightGBM,Major_PC2,0.0
Monothalamida,0,LightGBM,Trace_PC1,0.0
Monothalamida,0,LightGBM,Trace_PC2,0.0
Monothalamida,0,LightGBM,Organic_PC1,0.0
Monothalamida,0,LightGBM,Organic_PC2,0.0
Monothalamida,1,XGBoost,Sediment_PC1,4807.86767578125
Monothalamida,1,XGBoost,Sediment_PC2,740.5916748046875
Monothalamida,1,XGBoost,Major_PC1,518.0425415039062
Monothalamida,1,XGBoost,Major_PC2,158.70758056640625
Monothalamida,1,XGBoost,Trace_PC1,1215.18896484375
Monothalamida,1,XGBoost,Trace_PC2,9643.759765625
Monothalamida,1,XGBoost,Organic_PC1,526.9482421875
Monothalamida,1,XGBoost,Organic_PC2,204.63201904296875
Monothalamida,1,RF,Sediment_PC1,3568.1823033927917
Monothalamida,1,RF,Sediment_PC2,374.1895058687711
Monothalamida,1,RF,Major_PC1,619.7791259011798
Monothalamida,1,RF,Major_PC2,116.78019830001554
Monothalamida,1,RF,Trace_PC1,1792.8125708213993
Monothalamida,1,RF,Trace_PC2,3588.4653591490232
Monothalamida,1,RF,Organic_PC1,664.616518760478
Monothalamida,1,RF,Organic_PC2,240.17049893859294
Monothalamida,1,LightGBM,Sediment_PC1,0.0
Monothalamida,1,LightGBM,Sediment_PC2,0.0
Monothalamida,1,LightGBM,Major_PC1,0.0
Monothalamida,1,LightGBM,Major_PC2,0.0
Monothalamida,1,LightGBM,Trace_PC1,0.0
Monothalamida,1,LightGBM,Trace_PC2,0.0
Monothalamida,1,LightGBM,Organic_PC1,0.0
Monothalamida,1,LightGBM,Organic_PC2,0.0
Monothalamida,2,XGBoost,Sediment_PC1,1616.8197021484375
Monothalamida,2,XGBoost,Sediment_PC2,5022.3369140625
Monothalamida,2,XGBoost,Major_PC1,5543.21142578125
Monothalamida,2,XGBoost,Major_PC2,979.5910034179688
Monothalamida,2,XGBoost,Trace_PC1,179.4481658935547
Monothalamida,2,XGBoost,Trace_PC2,7897.77880859375
Monothalamida,2,XGBoost,Organic_PC1,712.76318359375
Monothalamida,2,XGBoost,Organic_PC2,393.58367919921875
Monothalamida,2,RF,Sediment_PC1,494.8803568389163
Monothalamida,2,RF,Sediment_PC2,740.9946451999393
Monothalamida,2,RF,Major_PC1,3436.298017595966
Monothalamida,2,RF,Major_PC2,3925.7537387727475
Monothalamida,2,RF,Trace_PC1,1382.4962023621558
Monothalamida,2,RF,Trace_PC2,4040.5673258171178
Monothalamida,2,RF,Organic_PC1,272.03230110743704
Monothalamida,2,RF,Organic_PC2,2542.8716492218773
Monothalamida,2,LightGBM,Sediment_PC1,0.0
Monothalamida,2,LightGBM,Sediment_PC2,0.0
Monothalamida,2,LightGBM,Major_PC1,0.0
Monothalamida,2,LightGBM,Major_PC2,0.0
Monothalamida,2,LightGBM,Trace_PC1,0.0
Monothalamida,2,LightGBM,Trace_PC2,0.0
Monothalamida,2,LightGBM,Organic_PC1,0.0
Monothalamida,2,LightGBM,Organic_PC2,0.0
Monothalamida,3,XGBoost,Sediment_PC1,2609.024658203125
Monothalamida,3,XGBoost,Sediment_PC2,1862.830322265625
Monothalamida,3,XGBoost,Major_PC1,4805.8515625
Monothalamida,3,XGBoost,Major_PC2,3058.107177734375
Monothalamida,3,XGBoost,Trace_PC1,794.7238159179688
Monothalamida,3,XGBoost,Trace_PC2,695.3145141601562
Monothalamida,3,XGBoost,Organic_PC1,1073.7822265625
Monothalamida,3,XGBoost,Organic_PC2,506.224609375
Monothalamida,3,RF,Sediment_PC1,3881.7934140715547
Monothalamida,3,RF,Sediment_PC2,809.8595034541323
Monothalamida,3,RF,Major_PC1,1559.1571759887465
Monothalamida,3,RF,Major_PC2,4790.094498587931
Monothalamida,3,RF,Trace_PC1,282.92140656819925
Monothalamida,3,RF,Trace_PC2,1339.953136268402
Monothalamida,3,RF,Organic_PC1,365.77151891326434
Monothalamida,3,RF,Organic_PC2,871.5501809267867
Monothalamida,3,LightGBM,Sediment_PC1,0.0
Monothalamida,3,LightGBM,Sediment_PC2,0.0
Monothalamida,3,LightGBM,Major_PC1,0.0
Monothalamida,3,LightGBM,Major_PC2,0.0
Monothalamida,3,LightGBM,Trace_PC1,0.0
Monothalamida,3,LightGBM,Trace_PC2,0.0
Monothalamida,3,LightGBM,Organic_PC1,0.0
Monothalamida,3,LightGBM,Organic_PC2,0.0
Monothalamida,4,XGBoost,Sediment_PC1,4775.27734375
Monothalamida,4,XGBoost,Sediment_PC2,1069.91650390625
Monothalamida,4,XGBoost,Major_PC1,3833.5107421875
Monothalamida,4,XGBoost,Major_PC2,886.2439575195312
Monothalamida,4,XGBoost,Trace_PC1,6623.1904296875
Monothalamida,4,XGBoost,Trace_PC2,1330.9146728515625
Monothalamida,4,XGBoost,Organic_PC1,3136.893798828125
Monothalamida,4,XGBoost,Organic_PC2,118.81632232666016
Monothalamida,4,RF,Sediment_PC1,1997.2451926406397
Monothalamida,4,RF,Sediment_PC2,182.40305706237547
Monothalamida,4,RF,Major_PC1,3371.915918017015
Monothalamida,4,RF,Major_PC2,1423.8034905744523
Monothalamida,4,RF,Trace_PC1,4006.926975987428
Monothalamida,4,RF,Trace_PC2,1047.4891826250591
Monothalamida,4,RF,Organic_PC1,969.4247260244125
Monothalamida,4,RF,Organic_PC2,1916.6066786504934
Monothalamida,4,LightGBM,Sediment_PC1,0.0
Monothalamida,4,LightGBM,Sediment_PC2,0.0
Monothalamida,4,LightGBM,Major_PC1,0.0
Monothalamida,4,LightGBM,Major_PC2,0.0
Monothalamida,4,LightGBM,Trace_PC1,0.0
Monothalamida,4,LightGBM,Trace_PC2,0.0
Monothalamida,4,LightGBM,Organic_PC1,0.0
Monothalamida,4,LightGBM,Organic_PC2,0.0
Miliolida,0,XGBoost,Sediment_PC1,36.528221130371094
Miliolida,0,XGBoost,Sediment_PC2,2.054980993270874
Miliolida,0,XGBoost,Major_PC1,23.122798919677734
Miliolida,0,XGBoost,Major_PC2,5.051652431488037
Miliolida,0,XGBoost,Trace_PC1,12.51146411895752
Miliolida,0,XGBoost,Trace_PC2,14.776010513305664
Miliolida,0,XGBoost,Organic_PC1,7.016507148742676
Miliolida,0,XGBoost,Organic_PC2,10.11811637878418
Miliolida,0,RF,Sediment_PC1,14.127029656975068
Miliolida,0,RF,Sediment_PC2,0.44125350531790025
Miliolida,0,RF,Major_PC1,30.836269043337172
Miliolida,0,RF,Major_PC2,6.990791361205031
Miliolida,0,RF,Trace_PC1,10.124933232858854
Miliolida,0,RF,Trace_PC2,14.875115484267434
Miliolida,0,RF,Organic_PC1,1.70156006989257
Miliolida,0,RF,Organic_PC2,4.490148738604677
Miliolida,0,LightGBM,Sediment_PC1,0.0
Miliolida,0,LightGBM,Sediment_PC2,0.0
Miliolida,0,LightGBM,Major_PC1,0.0
Miliolida,0,LightGBM,Major_PC2,0.0
Miliolida,0,LightGBM,Trace_PC1,0.0
Miliolida,0,LightGBM,Trace_PC2,0.0
Miliolida,0,LightGBM,Organic_PC1,0.0
Miliolida,0,LightGBM,Organic_PC2,0.0
Miliolida,1,XGBoost,Sediment_PC1,20.648000717163086
Miliolida,1,XGBoost,Sediment_PC2,4.674056053161621
Miliolida,1,XGBoost,Major_PC1,14.903132438659668
Miliolida,1,XGBoost,Major_PC2,3.52412748336792
Miliolida,1,XGBoost,Trace_PC1,29.294652938842773
Miliolida,1,XGBoost,Trace_PC2,5.047701835632324
Miliolida,1,XGBoost,Organic_PC1,6.506827354431152
Miliolida,1,XGBoost,Organic_PC2,2.1284351348876953
Miliolida,1,RF,Sediment_PC1,14.074505487928047
Miliolida,1,RF,Sediment_PC2,1.1261271631031413
Miliolida,1,RF,Major_PC1,27.91881735059452
Miliolida,1,RF,Major_PC2,3.08617779315464
Miliolida,1,RF,Trace_PC1,16.704385346037878
Miliolida,1,RF,Trace_PC2,6.551315192482546
Miliolida,1,RF,Organic_PC1,0.9316887793242763
Miliolida,1,RF,Organic_PC2,2.0244797110784782
Miliolida,1,LightGBM,Sediment_PC1,0.0
Miliolida,1,LightGBM,Sediment_PC2,0.0
Miliolida,1,LightGBM,Major_PC1,0.0
Miliolida,1,LightGBM,Major_PC2,0.0
Miliolida,1,LightGBM,Trace_PC1,0.0
Miliolida,1,LightGBM,Trace_PC2,0.0
Miliolida,1,LightGBM,Organic_PC1,0.0
Miliolida,1,LightGBM,Organic_PC2,0.0
Miliolida,2,XGBoost,Sediment_PC1,23.311721801757812
Miliolida,2,XGBoost,Sediment_PC2,3.035975456237793
Miliolida,2,XGBoost,Major_PC1,31.474227905273438
Miliolida,2,XGBoost,Major_PC2,17.147979736328125
Miliolida,2,XGBoost,Trace_PC1,23.318546295166016
Miliolida,2,XGBoost,Trace_PC2,5.539944648742676
Miliolida,2,XGBoost,Organic_PC1,4.0558390617370605
Miliolida,2,XGBoost,Organic_PC2,4.298016548156738
Miliolida,2,RF,Sediment_PC1,2.0298360253368437
Miliolida,2,RF,Sediment_PC2,2.6842445311946728
Miliolida,2,RF,Major_PC1,27.214026064528355
Miliolida,2,RF,Major_PC2,23.609502082123566
Miliolida,2,RF,Trace_PC1,38.62910651908901
Miliolida,2,RF,Trace_PC2,3.745221021513408
Miliolida,2,RF,Organic_PC1,0.8304980388158956
Miliolida,2,RF,Organic_PC2,7.042556096198851
Miliolida,2,LightGBM,Sediment_PC1,0.0
Miliolida,2,LightGBM,Sediment_PC2,0.0
Miliolida,2,LightGBM,Major_PC1,0.0
Miliolida,2,LightGBM,Major_PC2,0.0
Miliolida,2,LightGBM,Trace_PC1,0.0
Miliolida,2,LightGBM,Trace_PC2,0.0
Miliolida,2,LightGBM,Organic_PC1,0.0
Miliolida,2,LightGBM,Organic_PC2,0.0
Miliolida,3,XGBoost,Sediment_PC1,15.221400260925293
Miliolida,3,XGBoost,Sediment_PC2,18.277381896972656
Miliolida,3,XGBoost,Major_PC1,27.12637710571289
Miliolida,3,XGBoost,Major_PC2,13.963781356811523
Miliolida,3,XGBoost,Trace_PC1,3.186770439147949
Miliolida,3,XGBoost,Trace_PC2,4.856367111206055
Miliolida,3,XGBoost,Organic_PC1,6.807807922363281
Miliolida,3,XGBoost,Organic_PC2,6.8367414474487305
Miliolida,3,RF,Sediment_PC1,10.291861071173685
Miliolida,3,RF,Sediment_PC2,3.530948944924656
Miliolida,3,RF,Major_PC1,16.173520635102268
Miliolida,3,RF,Major_PC2,22.263571077905926
Miliolida,3,RF,Trace_PC1,3.0961925528741356
Miliolida,3,RF,Trace_PC2,5.354056910743174
Miliolida,3,RF,Organic_PC1,0.8663972674677163
Miliolida,3,RF,Organic_PC2,9.329647652165217
Miliolida,3,LightGBM,Sediment_PC1,0.0
Miliolida,3,LightGBM,Sediment_PC2,0.0
Miliolida,3,LightGBM,Major_PC1,0.0
Miliolida,3,LightGBM,Major_PC2,0.0
Miliolida,3,LightGBM,Trace_PC1,0.0
Miliolida,3,LightGBM,Trace_PC2,0.0
Miliolida,3,LightGBM,Organic_PC1,0.0
Miliolida,3,LightGBM,Organic_PC2,0.0
Miliolida,4,XGBoost,Sediment_PC1,14.825676918029785
Miliolida,4,XGBoost,Sediment_PC2,7.99885892868042
Miliolida,4,XGBoost,Major_PC1,34.60259246826172
Miliolida,4,XGBoost,Major_PC2,10.336788177490234
Miliolida,4,XGBoost,Trace_PC1,17.25391960144043
Miliolida,4,XGBoost,Trace_PC2,2.328580617904663
Miliolida,4,XGBoost,Organic_PC1,3.2412872314453125
Miliolida,4,XGBoost,Organic_PC2,2.9688515663146973
Miliolida,4,RF,Sediment_PC1,6.462264805843099
Miliolida,4,RF,Sediment_PC2,1.4224259045683698
Miliolida,4,RF,Major_PC1,25.76862372141959
Miliolida,4,RF,Major_PC2,6.266365638169396
Miliolida,4,RF,Trace_PC1,14.483023087972745
Miliolida,4,RF,Trace_PC2,9.029242622664713
Miliolida,4,RF,Organic_PC1,1.6851626818429282
Miliolida,4,RF,Organic_PC2,6.733038818264768
Miliolida,4,LightGBM,Sediment_PC1,0.0
Miliolida,4,LightGBM,Sediment_PC2,0.0
Miliolida,4,LightGBM,Major_PC1,0.0
Miliolida,4,LightGBM,Major_PC2,0.0
Miliolida,4,LightGBM,Trace_PC1,0.0
Miliolida,4,LightGBM,Trace_PC2,0.0
Miliolida,4,LightGBM,Organic_PC1,0.0
Miliolida,4,LightGBM,Organic_PC2,0.0
Other,0,XGBoost,Sediment_PC1,10112.49609375
Other,0,XGBoost,Sediment_PC2,3017.82763671875
Other,0,XGBoost,Major_PC1,10855.0517578125
Other,0,XGBoost,Major_PC2,1765.7271728515625
Other,0,XGBoost,Trace_PC1,6933.2294921875
Other,0,XGBoost,Trace_PC2,2482.30810546875
Other,0,XGBoost,Organic_PC1,2428.35888671875
Other,0,XGBoost,Organic_PC2,10847.759765625
Other,0,RF,Sediment_PC1,5734.91923860052
Other,0,RF,Sediment_PC2,226.3615791867215
Other,0,RF,Major_PC1,14727.158324437134
Other,0,RF,Major_PC2,2629.391829285484
Other,0,RF,Trace_PC1,5053.226639980095
Other,0,RF,Trace_PC2,4720.776718376355
Other,0,RF,Organic_PC1,1297.761760655875
Other,0,RF,Organic_PC2,2516.469046603819
Other,0,LightGBM,Sediment_PC1,0.0
Other,0,LightGBM,Sediment_PC2,0.0
Other,0,LightGBM,Major_PC1,0.0
Other,0,LightGBM,Major_PC2,0.0
Other,0,LightGBM,Trace_PC1,0.0
Other,0,LightGBM,Trace_PC2,0.0
Other,0,LightGBM,Organic_PC1,0.0
Other,0,LightGBM,Organic_PC2,0.0
Other,1,XGBoost,Sediment_PC1,6463.30810546875
Other,1,XGBoost,Sediment_PC2,1422.953857421875
Other,1,XGBoost,Major_PC1,1340.383056640625
Other,1,XGBoost,Major_PC2,811.7877197265625
Other,1,XGBoost,Trace_PC1,8647.79296875
Other,1,XGBoost,Trace_PC2,6561.5595703125
Other,1,XGBoost,Organic_PC1,1859.021240234375
Other,1,XGBoost,Organic_PC2,2007.0347900390625
Other,1,RF,Sediment_PC1,5986.9396400494
Other,1,RF,Sediment_PC2,1494.2933354959798
Other,1,RF,Major_PC1,1938.8749926005682
Other,1,RF,Major_PC2,687.634120333964
Other,1,RF,Trace_PC1,4887.061089981744
Other,1,RF,Trace_PC2,3582.780809784849
Other,1,RF,Organic_PC1,653.1482522559496
Other,1,RF,Organic_PC2,720.8267431732517
Other,1,LightGBM,Sediment_PC1,0.0
Other,1,LightGBM,Sediment_PC2,0.0
Other,1,LightGBM,Major_PC1,0.0
Other,1,LightGBM,Major_PC2,0.0
Other,1,LightGBM,Trace_PC1,0.0
Other,1,LightGBM,Trace_PC2,0.0
Other,1,LightGBM,Organic_PC1,0.0
Other,1,LightGBM,Organic_PC2,0.0
Other,2,XGBoost,Sediment_PC1,2230.0712890625
Other,2,XGBoost,Sediment_PC2,6013.5537109375
Other,2,XGBoost,Major_PC1,16845.783203125
Other,2,XGBoost,Major_PC2,3503.50390625
Other,2,XGBoost,Trace_PC1,3100.378662109375
Other,2,XGBoost,Trace_PC2,15595.685546875
Other,2,XGBoost,Organic_PC1,2801.97216796875
Other,2,XGBoost,Organic_PC2,1723.261962890625
Other,2,RF,Sediment_PC1,1626.991153247257
Other,2,RF,Sediment_PC2,793.5220156034942
Other,2,RF,Major_PC1,6967.515491069395
Other,2,RF,Major_PC2,10853.450342776086
Other,2,RF,Trace_PC1,3891.905643288156
Other,2,RF,Trace_PC2,4766.793608230014
Other,2,RF,Organic_PC1,988.817885669369
Other,2,RF,Organic_PC2,5857.528368116981
Other,2,LightGBM,Sediment_PC1,0.0
Other,2,LightGBM,Sediment_PC2,0.0
Other,2,LightGBM,Major_PC1,0.0
Other,2,LightGBM,Major_PC2,0.0
Other,2,LightGBM,Trace_PC1,0.0
Other,2,LightGBM,Trace_PC2,0.0
Other,2,LightGBM,Organic_PC1,0.0
Other,2,LightGBM,Organic_PC2,0.0
Other,3,XGBoost,Sediment_PC1,7081.75341796875
Other,3,XGBoost,Sediment_PC2,5626.080078125
Other,3,XGBoost,Major_PC1,14051.5673828125
Other,3,XGBoost,Major_PC2,7286.15380859375
Other,3,XGBoost,Trace_PC1,4770.96728515625
Other,3,XGBoost,Trace_PC2,1954.55078125
Other,3,XGBoost,Organic_PC1,2637.258056640625
Other,3,XGBoost,Organic_PC2,2422.16015625
Other,3,RF,Sediment_PC1,7623.426445728766
Other,3,RF,Sediment_PC2,1521.937693666635
Other,3,RF,Major_PC1,3966.2850048731657
Other,3,RF,Major_PC2,8398.840709400774
Other,3,RF,Trace_PC1,1041.3960908501838
Other,3,RF,Trace_PC2,2482.8180119960857
Other,3,RF,Organic_PC1,723.3555663116503
Other,3,RF,Organic_PC2,2591.8217244329494
Other,3,LightGBM,Sediment_PC1,0.0
Other,3,LightGBM,Sediment_PC2,0.0
Other,3,LightGBM,Major_PC1,0.0
Other,3,LightGBM,Major_PC2,0.0
Other,3,LightGBM,Trace_PC1,0.0
Other,3,LightGBM,Trace_PC2,0.0
Other,3,LightGBM,Organic_PC1,0.0
Other,3,LightGBM,Organic_PC2,0.0
Other,4,XGBoost,Sediment_PC1,8501.0576171875
Other,4,XGBoost,Sediment_PC2,981.3528442382812
Other,4,XGBoost,Major_PC1,12063.033203125
Other,4,XGBoost,Major_PC2,1428.943115234375
Other,4,XGBoost,Trace_PC1,7114.3212890625
Other,4,XGBoost,Trace_PC2,2596.16064453125
Other,4,XGBoost,Organic_PC1,7600.3681640625
Other,4,XGBoost,Organic_PC2,1466.8475341796875
Other,4,RF,Sediment_PC1,3945.740299689654
Other,4,RF,Sediment_PC2,516.0525631677376
Other,4,RF,Major_PC1,4363.65352811542
Other,4,RF,Major_PC2,4649.43248656233
Other,4,RF,Trace_PC1,5628.681357723969
Other,4,RF,Trace_PC2,1710.9270535506594
Other,4,RF,Organic_PC1,4034.6798402096497
Other,4,RF,Organic_PC2,4909.873840670738
Other,4,LightGBM,Sediment_PC1,0.0
Other,4,LightGBM,Sediment_PC2,0.0
Other,4,LightGBM,Major_PC1,0.0
Other,4,LightGBM,Major_PC2,0.0
Other,4,LightGBM,Trace_PC1,0.0
Other,4,LightGBM,Trace_PC2,0.0
Other,4,LightGBM,Organic_PC1,0.0
Other,4,LightGBM,Organic_PC2,0.0
